<?xml version="1.0" encoding="UTF-8"?>

<!--
Default logback configuration provided for import, equivalent to the programmatic
initialization performed by Boot
-->

<included>
	<conversionRule conversionWord="clr" converterClass="org.springframework.boot.logging.logback.ColorConverter" />
	<conversionRule conversionWord="wex" converterClass="org.springframework.boot.logging.logback.WhitespaceThrowableProxyConverter" />
	<conversionRule conversionWord="wEx" converterClass="org.springframework.boot.logging.logback.ExtendedWhitespaceThrowableProxyConverter" />
	<property name="CONSOLE_LOG_PATTERN" value="${CONSOLE_LOG_PATTERN:-%clr(%d{yyyy-MM-dd HH:mm:ss.SSS}){faint} %clr(${LOG_LEVEL_PATTERN:-%5p}) %clr(${PID:- }){magenta} %clr(---){faint} %clr([%15.15t]){faint} %clr(%-40.40logger{39}){cyan} %clr(:){faint} %m%n${LOG_EXCEPTION_CONVERSION_WORD:-%wEx}}"/>
	<property name="FILE_LOG_PATTERN" value="%d{yyyy-MM-dd HH:mm:ss.SSS} ${LOG_LEVEL_PATTERN:-%5p} ${PID:- } --- [%t] %-40.40logger{39} : %m%n${LOG_EXCEPTION_CONVERSION_WORD:-%wEx}"/>

	<appender name="DEBUG_LEVEL_REMAPPER" class="org.springframework.boot.logging.logback.LevelRemappingAppender">
		<destinationLogger>org.springframework.boot</destinationLogger>
	</appender>

	<logger name="org.apache.catalina.startup.DigesterFactory" level="ERROR"/>
	<logger name="org.apache.catalina.util.LifecycleBase" level="ERROR"/>
	<logger name="org.apache.coyote.http11.Http11NioProtocol" level="WARN"/>
	<logger name="org.apache.sshd.common.util.SecurityUtils" level="WARN"/>
	<logger name="org.apache.tomcat.util.net.NioSelectorPool" level="WARN"/>
	<logger name="org.crsh.plugin" level="WARN"/>
	<logger name="org.crsh.ssh" level="WARN"/>
	<logger name="org.eclipse.jetty.util.component.AbstractLifeCycle" level="ERROR"/>
	<logger name="org.hibernate.validator.internal.util.Version" level="WARN"/>
	<logger name="org.springframework.boot.actuate.autoconfigure.CrshAutoConfiguration" level="WARN"/>
	<logger name="org.springframework.boot.actuate.endpoint.jmx" additivity="false">
		<appender-ref ref="DEBUG_LEVEL_REMAPPER"/>
	</logger>
	<logger name="org.thymeleaf" additivity="false">
		<appender-ref ref="DEBUG_LEVEL_REMAPPER"/>
	</logger>
</included>
